filename,class
Lathe-!-0.jpg,lathe
Lathe-!-1.jpg,lathe
Lathe-!-10.jpg, lathe
Lathe-!-11.jpg, lathe
Lathe-!-12.jpg, lathe
Lathe-!-13.jpg, lathe
Lathe-!-14.jpg, lathe
Lathe-!-15.jpg, lathe
Lathe-!-16.jpg, lathe
Lathe-!-17.jpg, lathe
Lathe-!-18.jpg, lathe
Lathe-!-19.jpg, lathe
Lathe-!-2.jpg, lathe
Lathe-!-20.jpg, lathe
Lathe-!-21.jpg, lathe
Lathe-!-22.jpg, lathe
Lathe-!-23.jpg, lathe
Lathe-!-24.jpg, lathe
Lathe-!-25.jpg, lathe
Lathe-!-26.jpg, lathe
Lathe-!-27.jpg, lathe
Lathe-!-28.jpg, lathe
Lathe-!-3.jpg, lathe
Lathe-!-4.jpg, lathe
Lathe-!-5.jpg, lathe
Lathe-!-6.jpg, lathe
Lathe-!-7.jpg, lathe
Lathe-!-8.jpg, lathe
Lathe-!-9.jpg, lathe
Planer-!-0.jpg, planer
Planer-!-1.jpg, planer
Planer-!-10.jpg, planer
Planer-!-11.jpg, planer
Planer-!-12.jpg, planer
Planer-!-13.jpg, planer
Planer-!-14.jpg, planer
Planer-!-15.jpg, planer
Planer-!-16.jpg, planer
Planer-!-17.jpg, planer
Planer-!-18.jpg, planer
Planer-!-19.jpg, planer
Planer-!-2.jpg, planer
Planer-!-20.jpg, planer
Planer-!-21.jpg, planer
Planer-!-22.jpg, planer
Planer-!-23.jpg, planer
Planer-!-24.jpg, planer
Planer-!-25.jpg, planer
Planer-!-26.jpg, planer
Planer-!-27.jpg, planer
Planer-!-28.jpg, planer
Planer-!-29.jpg, planer
Planer-!-3.jpg, planer
Planer-!-4.jpg, planer
Planer-!-5.jpg, planer
Planer-!-6.jpg, planer
Planer-!-7.jpg, planer
Planer-!-8.jpg, planer
Planer-!-9.jpg, planer
Table Saw-!-0.jpg, table_saw
Table Saw-!-1.jpg, table_saw
Table Saw-!-10.jpg, table_saw
Table Saw-!-11.jpg, table_saw
Table Saw-!-12.jpg, table_saw
Table Saw-!-13.jpg, table_saw
Table Saw-!-14.jpg, table_saw
Table Saw-!-15.jpg, table_saw
Table Saw-!-16.jpg, table_saw
Table Saw-!-17.jpg, table_saw
Table Saw-!-18.jpg, table_saw
Table Saw-!-19.jpg, table_saw
Table Saw-!-2.jpg, table_saw
Table Saw-!-20.jpg, table_saw
Table Saw-!-3.jpg, table_saw
Table Saw-!-4.jpg, table_saw
Table Saw-!-5.jpg, table_saw
Table Saw-!-6.jpg, table_saw
Table Saw-!-7.jpg, table_saw
Table Saw-!-8.jpg, table_saw
Table Saw-!-9.jpg, table_saw
